{
  "function": "x^4 - 5x^2 + 4",
  "roots": [
    -2,
    -1,
    1,
    2
  ],
  "x_values": [
    -3.0,
    -2.9,
    -2.8,
    -2.7,
    -2.6,
    -2.5,
    -2.4,
    -2.3,
    -2.2,
    -2.1,
    -2.0,
    -1.9,
    -1.8,
    -1.7,
    -1.6,
    -1.5,
    -1.4,
    -1.3,
    -1.2,
    -1.1,
    -1.0,
    -0.9,
    -0.8,
    -0.7,
    -0.6,
    -0.5,
    -0.4,
    -0.3,
    -0.2,
    -0.1,
    0.0,
    0.1,
    0.2,
    0.3,
    0.4,
    0.5,
    0.6,
    0.7,
    0.8,
    0.9,
    1.0,
    1.1,
    1.2,
    1.3,
    1.4,
    1.5,
    1.6,
    1.7,
    1.8,
    1.9,
    2.0,
    2.1,
    2.2,
    2.3,
    2.4,
    2.5,
    2.6,
    2.7,
    2.8,
    2.9,
    3.0
  ],
  "y_values": [
    40.0,
    32.6781,
    26.265599999999992,
    20.694100000000013,
    15.897600000000004,
    11.8125,
    8.377600000000001,
    5.534099999999995,
    3.2256000000000036,
    1.398100000000003,
    0.0,
    -1.0179000000000027,
    -1.7024000000000026,
    -2.097900000000001,
    -2.2464000000000013,
    -2.1875,
    -1.9583999999999993,
    -1.5939000000000005,
    -1.1263999999999994,
    -0.5859000000000005,
    0.0,
    0.6060999999999992,
    1.2095999999999996,
    1.7901000000000002,
    2.3296,
    2.8125,
    3.2256,
    3.5581,
    3.8016,
    3.9501,
    4.0,
    3.9501,
    3.8016,
    3.5581,
    3.2256,
    2.8125,
    2.3296,
    1.7901000000000002,
    1.2095999999999996,
    0.6060999999999992,
    0.0,
    -0.5859000000000005,
    -1.1263999999999994,
    -1.5939000000000005,
    -1.9583999999999993,
    -2.1875,
    -2.2464000000000013,
    -2.097900000000001,
    -1.7024000000000026,
    -1.0179000000000027,
    0.0,
    1.398100000000003,
    3.2256000000000036,
    5.534099999999995,
    8.377600000000001,
    11.8125,
    15.897600000000004,
    20.694100000000013,
    26.265599999999992,
    32.6781,
    40.0
  ],
  "critical_points": [
    "0",
    "-sqrt(10)/2",
    "sqrt(10)/2"
  ],
  "derivative": "4*x**3 - 10*x",
  "range": {
    "x_min": -3,
    "x_max": 3,
    "y_min": -2.2464000000000013,
    "y_max": 40.0
  }
}